"Security","Ticker","Yield (%)","Dividend Yield Score","Cash Flow Score","Relative Value Score","Total Score","Price (USD)1","IDEAL Value ($)","GICS Sector","ID"
"Advance Auto Parts","AAP","0.30","0","0","3","3","80.93","58.88","Consumer Discretionary","1293"
"Amazon.com","AMZN","0.00","0","2","0","2","1.00","546.10","Consumer Discretionary","1349"
"AutoZone","AZO","0.00","0","0","4","4","596.00","578.11","Consumer Discretionary","1292"
"Best Buy","BBY","2.43","3","0","4","7","56.35","95.65","Consumer Discretionary","1816"
"BorgWarner Inc","BWA","1.30","0","1","4","5","52.19","63.44","Consumer Discretionary","6106"
"CarMax Inc","KMX","0.00","0","0","1","1","72.73","17.68","Consumer Discretionary","6165"
"Carnival Corporation","CCL","2.77","3","1","2","6","65.00","94.81","Consumer Discretionary","6110"
"CBS Corp","CBS","1.24","0","0","4","4","56.82","55.11","Consumer Discretionary","1975"
"Charter Communications","CHTR","","0","3","0","3","340.60","248.40","Consumer Discretionary","8168"
"Chipotle Mexican Grill","CMG","0.00","0","0","0","0","277.72","33.76","Consumer Discretionary","2296"
"Comcast","CMCSA","1.72","2","1","2","4","36.91","35.80","Consumer Discretionary","781"
"Darden Restaurants Inc","DRI","3.04","3","2","1","6","82.78","120.74","Consumer Discretionary","6126"
"Delphi Automotive","DLPH","1.21","0","0","3","3","96.21","70.17","Consumer Discretionary","6123"
"Discovery Communications (DISCA)","DISCA","","0","2","4","6","17.30","25.16","Consumer Discretionary","1866"
"Discovery Communications Inc","DISCK","","0","2","4","6","16.23","23.68","Consumer Discretionary","6122"
"DISH Network Corp","DISH","","0","1","0","1","50.40","12.25","Consumer Discretionary","1746"
"Dollar General Corp","DG","1.25","0","1","1","2","83.28","40.49","Consumer Discretionary","6120"
"Dollar Tree","DLTR","1.60","0","3","1","4","94.61","91.77","Consumer Discretionary","1669"
"DR Horton Inc","DHI","1.09","1","0","4","4","46.02","44.75","Consumer Discretionary","6121"
"Expedia Inc","EXPE","1.00","0","2","0","2","120.13","58.41","Consumer Discretionary","6135"
"Foot Locker","FL","4.05","3","0","4","7","30.65","52.16","Consumer Discretionary","1718"
"Ford Motor","F","5.40","3","1","4","8","12.03","23.33","Consumer Discretionary","1646"
"Garmin","GRMN","3.42","3","2","0","5","60.57","73.44","Consumer Discretionary","1652"
"General Motors","GM","3.61","3","0","4","7","42.78","72.61","Consumer Discretionary","1792"
"Genuine Parts Company","GPC","3.16","3","0","2","5","85.58","103.76","Consumer Discretionary","1296"
"Goodyear Tire & Rubber","GT","0.90","1","0","4","5","29.02","35.27","Consumer Discretionary","6147"
"H&R Block Inc","HRB","3.71","3","1","4","8","25.86","50.29","Consumer Discretionary","6151"
"Hanesbrands Inc","HBI","3.05","3","3","4","10","19.64","47.76","Consumer Discretionary","6509"
"Harley-Davidson","HOG","3.18","3","1","4","8","47.11","91.39","Consumer Discretionary","4676"
"Hasbro","HAS","2.57","3","2","2","7","91.03","154.52","Consumer Discretionary","1189"
"Hilton Worldwide Holdings Inc","HLT","0.83","0","0","0","0","72.67","8.83","Consumer Discretionary","10979"
"Home Depot","HD","2.18","2","1","0","3","163.95","119.27","Consumer Discretionary","2264"
"Interpublic Group of Cos Inc/T","IPG","3.80","3","0","4","7","18.93","32.21","Consumer Discretionary","6158"
"Kohl's Corp.","KSS","5.16","3","0","4","7","42.67","72.61","Consumer Discretionary","2546"
"L Brands Inc","LB","4.85","3","0","2","5","49.53","60.20","Consumer Discretionary","6166"
"Leggett & Platt Inc","LEG","3.13","3","0","1","4","46.02","44.75","Consumer Discretionary","6167"
"Lennar Corp","LEN","0.27","0","0","4","4","59.10","57.47","Consumer Discretionary","6168"
"LKQ Corp (LKQ)","LKQ","","0","1","2","3","36.81","26.78","Consumer Discretionary","4005"
"Lowes Companies","LOW","2.11","2","1","2","5","77.69","94.43","Consumer Discretionary","1771"
"Macy's","M","3.92","3","0","4","7","20.16","34.31","Consumer Discretionary","1808"
"Marriott International Inc/MD","MAR","1.10","0","3","0","3","120.06","87.56","Consumer Discretionary","6177"
"Mattel","MAT","3.88","0","0","0","0","14.32","1.74","Consumer Discretionary","1662"
"McDonald's","MCD","2.45","3","0","0","3","165.14","120.44","Consumer Discretionary","1770"
"MGM Resorts International","MGM","1.34","0","3","0","3","32.93","23.96","Consumer Discretionary","5954"
"Michael Kors","KORS","","0","0","3","3","54.63","39.84","Consumer Discretionary","5308"
"Mohawk Industries Inc","MHK","","0","1","1","2","264.08","128.40","Consumer Discretionary","6182"
"Netflix","NFLX","","0","3","0","3","190.16","138.34","Consumer Discretionary","1715"
"Newell Brands","NWL","3.11","3","1","4","8","29.57","57.50","Consumer Discretionary","6192"
"News Corp","NWSA","1.39","0","0","0","0","15.38","1.86","Consumer Discretionary","1217"
"Nike","NKE","1.29","1","0","0","0","55.94","6.80","Consumer Discretionary","2290"
"Nordstrom Inc","JWN","3.76","3","0","3","6","39.41","57.48","Consumer Discretionary","6162"
"Norwegian Cruise Line Holdings","NCLH","","0","2","4","6","55.57","81.05","Consumer Discretionary","10984"
"O\'Reilly Automotive","ORLY","","0","1","2","3","213.70","155.47","Consumer Discretionary","1294"
"Omnicom Group","OMC","3.57","3","0","4","7","67.17","114.02","Consumer Discretionary","1864"
"PulteGroup Inc","PHM","1.16","0","0","4","4","31.15","30.29","Consumer Discretionary","6198"
"PVH","PVH","0.12","0","0","3","3","125.94","91.84","Consumer Discretionary","1668"
"Ralph Lauren","RL","2.29","2","1","2","5","87.45","106.30","Consumer Discretionary","2547"
"Ross Stores","ROST","0.99","0","1","1","2","65.16","31.60","Consumer Discretionary","1796"
"Royal Caribbean Cruises","RCL","1.93","1","2","3","6","124.19","181.15","Consumer Discretionary","4663"
"Scripps Networks Interactive","SNI","0.00","0","0","0","0","0.00","","Consumer Discretionary","1868"
"Signet Jewelers","SIG","1.75","1","3","4","8","70.73","137.56","Consumer Discretionary","7787"
"Starbucks","SBUX","2.09","2","1","0","3","56.68","41.23","Consumer Discretionary","5939"
"Tapestry Inc","TPR","3.34","3","1","3","7","40.37","68.69","Consumer Discretionary","10991"
"Target Corp","TGT","4.14","3","2","4","9","60.93","132.97","Consumer Discretionary","1769"
"The Gap","GPS","3.49","3","0","4","7","26.80","45.49","Consumer Discretionary","1232"
"The Priceline Group","PCLN","","0","2","0","2","1.00","823.79","Consumer Discretionary","1745"
"Tiffany & Co","TIF","2.20","2","1","0","3","91.60","66.64","Consumer Discretionary","1683"
"Time Warner Inc","TWX","1.77","1","1","3","5","91.08","110.71","Consumer Discretionary","6218"
"TJX Companies","TJX","1.81","1","1","2","4","69.76","67.67","Consumer Discretionary","1234"
"Tractor Supply Co.","TSCO","0.91","1","2","1","4","62.66","60.93","Consumer Discretionary","2310"
"TripAdvisor Inc","TRIP","","0","0","0","0","31.39","3.82","Consumer Discretionary","6216"
"Twenty-First Century Fox Inc","FOXA","1.24","0","0","4","4","29.14","28.34","Consumer Discretionary","6140"
"Ulta Salon, Cosmetics & Fragrance","ULTA","","0","2","0","2","201.13","97.79","Consumer Discretionary","4372"
"Under Armour Inc","UAA","","0","3","0","3","12.20","8.90","Consumer Discretionary","10992"
"V.F. Corp.","VFC","2.63","3","1","0","4","69.96","68.03","Consumer Discretionary","2177"
"Viacom","VIAB","3.21","3","0","4","7","24.93","42.42","Consumer Discretionary","2540"
"Walt Disney Company","DIS","1.48","0","0","2","2","105.49","51.29","Consumer Discretionary","1768"
"Whirlpool Corp","WHR","2.71","3","1","4","8","162.36","315.75","Consumer Discretionary","6225"
"Wyndham Worldwide Corp","WYN","2.19","2","0","2","4","105.99","103.06","Consumer Discretionary","6226"
"Wynn Resorts","WYNN","1.30","0","3","0","3","154.25","112.22","Consumer Discretionary","5955"
"Yum! Brands","YUM","1.51","0","0","0","0","79.42","9.63","Consumer Discretionary","1315"
"Altria Group","MO","4.09","3","0","1","4","65.01","63.06","Consumer Staples","1423"
"Archer Daniels Midland","ADM","3.23","3","1","3","7","39.60","67.39","Consumer Staples","52"
"Campbell Soup Company","CPB","3.07","3","0","3","6","46.98","68.36","Consumer Staples","1421"
"Church & Dwight","CHD","1.73","1","0","0","1","44.51","10.79","Consumer Staples","1804"
"Clorox","CLX","2.55","3","1","0","4","131.80","128.16","Consumer Staples","2313"
"Colgate-Palmolive Co","CL","2.19","2","0","0","2","73.15","35.57","Consumer Staples","6115"
"ConAgra Foods","CAG","2.36","2","0","2","4","34.66","33.62","Consumer Staples","6108"
"Constellation Brands","STZ","0.90","0","1","0","1","218.52","53.12","Consumer Staples","1720"
"Costco Wholesale Corp","COST","1.18","1","3","0","3","170.58","124.10","Consumer Staples","1762"
"CVS Health","CVS","2.90","3","1","4","8","71.01","137.76","Consumer Staples","1659"
"Dr Pepper Snapple Group","DPS","2.69","3","1","1","5","86.23","104.81","Consumer Staples","1694"
"Estee Lauder Cos Inc/The","EL","1.22","0","1","0","1","124.25","30.21","Consumer Staples","6130"
"General Mills","GIS","3.73","3","1","2","6","52.60","76.72","Consumer Staples","1729"
"Hormel Foods Corp","HRL","2.11","2","0","0","2","32.20","15.66","Consumer Staples","6152"
"JM Smucker Co/The","SJM","3.01","3","0","4","7","103.75","176.55","Consumer Staples","6209"
"Kellogg","K","3.35","3","1","3","7","64.42","109.62","Consumer Staples","2194"
"Kimberly-Clark Corp","KMB","3.42","3","1","1","5","114.10","138.34","Consumer Staples","1136"
"Kraft Heinz","KHC","3.15","3","1","0","4","79.34","76.96","Consumer Staples","2297"
"Kroger","KR","2.28","1","0","4","6","22.14","32.21","Consumer Staples","1299"
"McCormick & Co.","MKC","1.95","1","1","0","2","96.53","46.94","Consumer Staples","6183"
"Molson Coors Brewing","TAP","2.04","1","3","2","6","80.31","117.14","Consumer Staples","1695"
"Mondelez International","MDLZ","2.13","2","0","1","3","41.70","30.33","Consumer Staples","2298"
"Monster Beverage","MNST","","0","3","0","3","60.23","43.93","Consumer Staples","2279"
"PepsiCo","PEP","2.86","3","0","0","3","112.51","82.05","Consumer Staples","1672"
"Philip Morris International","PM","4.18","3","1","1","5","103.00","124.89","Consumer Staples","1424"
"Procter & Gamble","PG","3.12","3","0","0","3","88.27","64.38","Consumer Staples","1819"
"Sysco Corp","SYY","2.44","3","1","1","5","54.17","65.85","Consumer Staples","6212"
"The Coca-Cola Company","KO","3.20","3","0","0","3","46.48","33.81","Consumer Staples","1405"
"The Hershey Company","HSY","2.43","3","1","0","4","108.23","104.98","Consumer Staples","4328"
"Tyson Foods Inc","TSN","1.22","0","0","4","4","74.02","71.98","Consumer Staples","6217"
"Wal-Mart Stores","WMT","2.26","2","0","0","2","91.50","44.38","Consumer Staples","1361"
"Walgreens Boots Alliance","WBA","2.30","2","1","4","7","70.49","119.66","Consumer Staples","6223"
"Anadarko Petroleum  Corp","APC","0.39","0","3","0","3","50.61","36.85","Energy","1245"
"Andeavor Corp.","ANDV","2.21","2","0","4","6","106.88","155.89","Energy","10479"
"Apache Corp","APA","2.26","2","0","0","2","44.19","21.48","Energy","50"
"Baker Hughes, a GE company","BHGE","2.22","2","0","4","6","32.46","47.35","Energy","10326"
"Cabot Oil & Gas Corp","COG","0.70","0","2","0","2","28.66","13.90","Energy","1524"
"Chesapeake Energy  Corp","CHK","","0","0","4","4","4.06","3.93","Energy","746"
"Chevron","CVX","3.68","3","1","4","8","116.37","225.76","Energy","747"
"Cimarex Energy","XEC","0.26","0","2","4","6","124.28","181.27","Energy","2360"
"Concho Resources","CXO","","0","3","1","4","142.80","138.86","Energy","2171"
"ConocoPhillips","COP","1.98","2","0","0","2","52.69","25.55","Energy","748"
"Devon Energy","DVN","0.59","0","0","4","4","40.02","38.82","Energy","750"
"EOG Resources","EOG","0.89","0","1","0","1","103.21","25.03","Energy","758"
"EQT Corp","EQT","0.18","0","2","0","2","64.79","31.42","Energy","759"
"ExxonMobil Corp","XOM","3.67","3","1","4","8","82.56","160.16","Energy","760"
"FMC Technologies","FTI","1.80","1","0","4","5","28.82","35.03","Energy","80"
"Halliburton","HAL","1.60","0","3","4","7","44.48","75.50","Energy","89"
"Helmerich & Payne","HP","4.81","3","0","0","3","58.23","42.47","Energy","2336"
"Hess Corp.","HES","2.14","2","0","0","2","46.78","22.74","Energy","2529"
"Kinder Morgan","KMI","2.79","3","0","3","6","17.74","25.81","Energy","2371"
"Marathon Oil Corp","MRO","1.29","0","1","0","1","15.45","3.75","Energy","102"
"Marathon Petroleum","MPC","2.59","3","2","4","9","61.75","134.77","Energy","2327"
"National Oilwell Varco","NOV","0.58","0","0","0","0","33.45","4.10","Energy","104"
"Newfield Exploration","NFX","","0","0","4","4","32.60","31.70","Energy","105"
"Noble Energy","NBL","1.45","0","0","0","0","27.61","3.36","Energy","2482"
"Occidental Petroleum Corp","OXY","4.48","3","1","0","4","68.24","66.19","Energy","1205"
"ONEOK","OKE","5.62","3","1","3","7","52.12","88.46","Energy","675"
"Phillips 66","PSX","3.00","3","0","4","7","93.37","158.89","Energy","4728"
"Pioneer Natural Resouces","PXD","0.05","0","2","3","5","158.64","192.83","Energy","112"
"Range Resources Corp","RRC","0.42","0","2","2","4","19.07","18.49","Energy","1079"
"Schlumberger","SLB","2.99","3","0","0","3","65.23","47.45","Energy","149"
"Valero Energy Corp","VLO","3.47","3","0","4","7","80.80","137.50","Energy","138"
"Williams Companies","WMB","4.22","3","1","4","8","28.43","55.30","Energy","775"
"Affiliated Managers Group Inc","AMG","0.00","0","0","3","3","184.15","134.30","Financials","6094"
"Aflac Inc","AFL","2.15","2","1","2","5","83.54","101.54","Financials","6087"
"Allstate Corp","ALL","1.50","0","2","1","3","99.04","72.05","Financials","1495"
"American Express","AXP","1.49","0","2","0","2","93.54","45.37","Financials","1657"
"American International Group","AIG","2.06","2","0","1","3","62.19","45.24","Financials","2408"
"Ameriprise Financial","AMP","2.09","2","0","2","4","157.82","153.08","Financials","6095"
"Aon plc","AON","1.00","0","0","0","0","143.96","17.50","Financials","2552"
"Arthur J. Gallagher","AJG","2.44","3","1","0","4","64.00","62.23","Financials","1820"
"Assurant Inc","AIZ","2.29","2","3","1","6","97.81","142.67","Financials","6089"
"Bank of America Corp","BAC","1.81","1","0","2","3","26.65","19.39","Financials","1795"
"Bank of New York Mellon","BK","1.89","1","3","2","6","50.84","74.16","Financials","6103"
"BB&T Corp","BBT","2.83","3","3","1","7","46.68","79.44","Financials","6101"
"Berkshire Hathaway Class B","BRK","0.00","0","2","0","2","183.30","89.12","Financials","1655"
"BlackRock","BLK","2.14","2","2","0","4","465.41","451.44","Financials","2291"
"Brighthouse Financial Inc","BHF","","0","2","4","6","56.51","82.43","Financials","10974"
"Capital One Financial Corp","COF","1.83","1","1","4","6","87.24","127.25","Financials","6117"
"CBOE Holdings","CBOE","0.94","0","0","0","0","115.08","13.99","Financials","2541"
"Charles Schwab Corp/The","SCHW","0.72","0","3","0","3","44.28","32.29","Financials","6207"
"Chubb","CB","1.87","1","1","1","3","151.45","110.18","Financials","1371"
"Cincinnati Financial Corp","CINF","2.71","3","0","0","3","73.73","53.77","Financials","6114"
"Citigroup Inc","C","1.76","1","0","2","3","72.54","52.90","Financials","6107"
"Citizens Financial Group","CFG","1.95","1","2","2","5","36.94","44.89","Financials","7794"
"CME Group","CME","1.90","1","1","0","2","138.72","67.44","Financials","2015"
"Comerica Inc","CMA","1.59","0","2","1","3","75.61","55.14","Financials","6116"
"Discover Financial Services","DFS","2.14","2","1","4","7","65.23","110.73","Financials","1486"
"E*TRADE Financial Corp","ETFC","","0","3","0","3","43.15","31.47","Financials","6133"
"Everest Re Group Ltd","RE","2.24","2","1","3","6","231.64","337.87","Financials","10986"
"Fifth Third Bancorp","FITB","2.28","2","1","1","4","27.96","27.12","Financials","1751"
"Franklin Resources","BEN","1.95","1","0","1","2","41.10","19.98","Financials","1785"
"Goldman Sachs","GS","1.24","0","0","3","3","241.35","176.02","Financials","1754"
"Hartford Financial Services","HIG","1.91","1","0","2","3","55.32","40.24","Financials","1654"
"Intercontinental Exchange","ICE","1.21","0","1","0","1","66.21","16.06","Financials","1374"
"Invesco","IVZ","3.27","3","0","2","5","35.13","42.59","Financials","1534"
"JPMorgan Chase","JPM","2.29","2","0","2","4","97.90","95.20","Financials","1682"
"KeyCorp","KEY","2.13","2","2","2","6","17.87","26.00","Financials","1750"
"Leucadia National","LUK","1.55","0","0","0","0","25.88","3.15","Financials","2263"
"Lincoln National Corp","LNC","1.79","1","0","4","5","73.76","89.66","Financials","6171"
"Loews Corp","L","0.51","0","0","0","0","49.40","6.00","Financials","1711"
"M&T Bank Corp","MTB","1.89","1","2","0","3","159.00","115.95","Financials","6187"
"Marsh & McLennan Cos Inc","MMC","1.81","1","1","0","2","83.08","40.39","Financials","6185"
"MetLife","MET","3.03","3","2","3","8","52.16","101.19","Financials","1972"
"Moody\'s Corp","MCO","1.07","0","0","0","0","142.05","17.27","Financials","6180"
"Morgan Stanley","MS","2.04","1","0","2","3","48.91","35.67","Financials","1725"
"Nasdaq Inc.","NDAQ","2.07","2","1","0","3","73.60","53.68","Financials","6189"
"Navient Corp","NAVI","5.26","3","0","4","7","12.17","20.71","Financials","6188"
"Northern Trust Corp","NTRS","1.81","1","3","0","4","92.73","90.17","Financials","6190"
"Peoples United Financial","PBCT","3.89","3","1","0","4","17.79","17.26","Financials","4661"
"PNC Financial Services Group","PNC","2.26","2","2","1","5","132.76","160.96","Financials","5944"
"Principal Financial Group Inc","PFG","2.88","3","1","2","6","67.98","99.16","Financials","6197"
"Progressive Corp","PGR","1.34","0","3","0","3","50.67","36.95","Financials","1658"
"Prudential Financial","PRU","2.68","3","0","4","7","111.17","188.70","Financials","1987"
"Raymond James Financial","RJF","1.05","0","1","2","3","84.20","61.41","Financials","1814"
"Regions Financial","RF","2.36","3","1","1","5","15.32","18.57","Financials","1319"
"S&P Global","SPGI","1.04","0","3","0","3","157.45","114.83","Financials","7797"
"Southwest Airlines Co","LUV","0.93","0","1","3","4","53.62","52.14","Financials","6174"
"State Street Corp","STT","1.85","1","0","1","2","90.75","44.01","Financials","1531"
"SunTrust Banks Inc","STI","2.80","3","3","2","8","57.23","111.31","Financials","6210"
"Synchrony Financial","SYF","1.87","1","2","4","7","32.15","54.71","Financials","7789"
"T. Rowe Price","TROW","2.46","3","0","0","3","93.19","67.80","Financials","1535"
"Torchmark Corp","TMK","0.71","0","2","0","2","84.16","40.92","Financials","6215"
"Travelers Companies","TRV","2.13","2","1","1","4","135.11","131.38","Financials","1803"
"Unum Group","UNM","","1","1","3","5","52.56","63.89","Financials","6221"
"US Bancorp","USB","2.30","2","2","1","5","51.97","63.01","Financials","1660"
"Vornado Realty Trust","VNO","3.77","3","1","0","4","75.95","73.67","Financials","1326"
"Wells Fargo","WFC","2.89","3","3","2","8","53.98","104.71","Financials","2359"
"Willis Towers Watson","WLTW","1.31","0","3","0","3","161.72","117.94","Financials","7792"
"XL Group PLC","XL","2.20","2","0","3","5","39.92","48.52","Financials","6227"
"Zions Bancorporation","ZION","1.44","0","3","1","4","44.30","43.08","Financials","6231"
"Abbott Laboratories","ABT","1.91","1","3","1","5","54.68","66.29","Health Care","1593"
"AbbVie","ABBV","2.96","3","2","3","8","94.74","183.80","Health Care","6081"
"Aetna Inc","AET","1.15","0","0","3","3","173.78","126.74","Health Care","6086"
"Agilent Technologies","A","0.79","0","3","0","3","67.18","48.99","Health Care","2478"
"Alexion Pharmaceuticals","ALXN","0.00","0","2","4","6","115.63","168.66","Health Care","1781"
"Align Technology Inc","ALGN","","0","3","0","3","247.16","180.25","Health Care","10968"
"Allergan plc","AGN","1.66","1","1","4","6","172.43","250.88","Health Care","2201"
"AmerisourceBergen Corp","ABC","2.03","1","0","4","5","74.90","91.04","Health Care","6082"
"Amgen","AMGN","2.67","3","1","4","8","171.96","334.43","Health Care","1779"
"Anthem Inc","ANTM","1.29","0","3","3","6","217.74","317.59","Health Care","6097"
"Baxter International","BAX","0.98","0","1","0","1","63.63","15.43","Health Care","1125"
"Becton, Dickinson & Co","BDX","1.33","0","1","3","4","219.39","213.33","Health Care","1778"
"Biogen","BIIB","0.00","0","1","4","5","309.11","375.72","Health Care","6102"
"Boston Scientific Corp","BSX","0.00","0","2","2","4","28.18","27.40","Health Care","6105"
"Bristol-Myers Squibb","BMY","2.52","3","3","1","7","60.53","102.74","Health Care","1149"
"C.R. Bard","BCR","0.31","0","1","0","1","332.71","80.88","Health Care","1722"
"Cardinal Health","CAH","3.14","3","0","4","7","58.89","100.21","Health Care","5870"
"Celgene","CELG","0.00","0","3","4","7","102.10","173.31","Health Care","1997"
"Centene Corporation","CNC","0.00","0","3","3","6","92.81","135.37","Health Care","7795"
"Cerner","CERN","0.00","0","1","0","1","65.07","15.78","Health Care","5947"
"Cigna Corp","CI","0.02","0","2","3","5","197.82","240.45","Health Care","6113"
"Danaher Corp","DHR","0.60","0","0","0","0","92.01","11.16","Health Care","1497"
"DaVita HealthCare Partners Inc","DVA","","0","2","4","6","54.99","80.21","Health Care","6127"
"Dentsply International","XRAY","0.53","0","1","0","1","65.31","15.84","Health Care","1420"
"Edwards Lifesciences","EW","","0","2","0","2","103.87","50.50","Health Care","4396"
"Eli Lilly & Co","LLY","2.52","3","3","3","9","82.70","180.94","Health Care","6170"
"Envision Healthcare","EVHC","","0","2","4","6","24.81","36.10","Health Care","9076"
"Express Scripts","ESRX","","0","1","4","5","59.62","72.29","Health Care","2329"
"Gilead Sciences","GILD","2.85","3","0","4","7","73.50","124.77","Health Care","1132"
"HCA Holdings","HCA","0.00","0","1","4","5","78.65","95.36","Health Care","2448"
"Henry Schein Inc","HSIC","","0","0","3","3","68.23","49.76","Health Care","6510"
"Hologic Inc","HOLX","","0","0","4","4","38.74","37.68","Health Care","7796"
"Humana Inc","HUM","0.66","0","2","2","4","243.90","237.17","Health Care","6155"
"IDEXX Laboratories Inc","IDXX","","0","2","0","2","147.44","71.69","Health Care","10980"
"Illumina","ILMN","","0","2","0","2","209.33","101.77","Health Care","7790"
"Incyte Corp","INCY","","0","0","0","0","103.07","12.53","Health Care","10981"
"Intuitive Surgical","ISRG","","0","2","0","2","387.58","188.44","Health Care","1780"
"Johnson & Johnson","JNJ","2.39","3","1","2","6","138.98","202.21","Health Care","1422"
"Laboratory Corp of America","LH","","0","2","3","5","150.42","182.38","Health Care","1430"
"McKesson","MCK","0.97","0","0","4","4","138.02","133.88","Health Care","1418"
"Medtronic","MDT","2.33","2","1","4","7","78.82","134.13","Health Care","1714"
"Merck","MRK","3.34","3","1","4","8","55.21","107.11","Health Care","6186"
"Mettler-Toledo International I","MTD","","0","1","0","1","622.70","151.38","Health Care","8140"
"Mylan N.V.","MYL","0.00","0","1","4","5","37.56","45.65","Health Care","4352"
"Patterson Cos Inc","PDCO","3.09","3","2","4","9","33.68","73.69","Health Care","6196"
"PerkinElmer Inc","PKI","0.39","0","1","1","2","71.41","34.72","Health Care","6199"
"Perrigo Co PLC","PRGO","0.73","0","3","3","6","87.59","127.77","Health Care","6201"
"Pfizer","PFE","3.66","3","1","4","8","34.95","67.98","Health Care","1790"
"Quest Diagnostics","DGX","1.94","1","2","3","6","92.29","134.28","Health Care","1419"
"Regeneron Pharmaceuticals","REGN","","0","0","0","0","402.14","48.88","Health Care","2373"
"Stryker Corp","SYK","1.11","0","1","1","2","153.74","74.75","Health Care","6211"
"Thermo Fisher Scientific","TMO","0.32","0","1","3","4","187.94","182.75","Health Care","1665"
"UnitedHealth Group","UNH","1.43","0","2","2","4","210.50","204.69","Health Care","1801"
"Universal Health Services Inc.","UHS","0.41","0","0","4","4","97.05","94.37","Health Care","6062"
"Varian Medical Systems","VAR","","0","0","0","0","107.72","13.06","Health Care","2414"
"Vertex Pharmaceuticals","VRTX","","0","0","0","0","147.35","17.87","Health Care","2438"
"Waters Corp.","WAT","","0","1","0","1","193.21","46.97","Health Care","2241"
"Zimmer Biomet Holdings Inc","ZBH","0.87","0","3","4","7","110.50","188.04","Health Care","6515"
"Zoetis Inc","ZTS","0.61","0","2","0","2","68.78","33.44","Health Care","6232"
"3M Company","MMM","2.06","2","1","0","3","227.50","165.50","Industrials","1579"
"Acuity Brands","AYI","0.33","0","0","2","2","159.66","77.63","Industrials","7798"
"Alaska Air Group","ALK","1.92","1","1","4","6","62.87","91.47","Industrials","2419"
"Allegion PLC","ALLE","0.77","0","2","0","2","82.83","40.27","Industrials","6090"
"AMETEK Inc","AME","0.53","0","1","0","1","68.05","16.54","Industrials","6093"
"AO Smith Corp","AOS","0.96","0","0","0","0","58.41","7.10","Industrials","10971"
"Arconic Inc","ARNC","0.98","0","0","2","2","24.50","11.91","Industrials","10973"
"Boeing","BA","2.16","2","1","0","3","260.30","189.37","Industrials","2457"
"Caterpillar","CAT","2.31","2","1","1","4","136.06","131.98","Industrials","1345"
"CH Robinson Worldwide Inc","CHRW","2.24","2","0","0","2","80.36","39.07","Industrials","6112"
"Cintas Corp","CTAS","1.11","0","3","0","3","145.50","106.11","Industrials","6119"
"CSX Corp","CSX","1.59","0","0","0","0","50.06","6.07","Industrials","1330"
"Cummins","CMI","2.56","3","0","3","6","168.62","245.95","Industrials","2229"
"Deere & Co.","DE","1.83","1","0","0","1","131.82","31.97","Industrials","1262"
"Delta Airlines","DAL","2.48","3","0","4","7","49.08","83.31","Industrials","2418"
"Dover Corp","DOV / DOV","2.01","1","0","0","1","93.69","22.78","Industrials","6125"
"Eaton Corp PLC","ETN","3.09","3","0","2","5","77.62","94.35","Industrials","6134"
"Emerson Electric","EMR","3.16","3","0","0","3","61.18","44.51","Industrials","1986"
"Equifax Inc","EFX","1.43","0","1","1","2","108.73","52.86","Industrials","6129"
"Expeditors International","EXPD","1.40","0","0","0","0","59.87","7.26","Industrials","1307"
"Fastenal Co.","FAST","2.67","3","1","0","4","47.87","46.55","Industrials","4265"
"FedEx Corp","FDX","0.92","0","0","2","2","217.49","105.48","Industrials","1636"
"Flowserve","FLS","1.96","1","0","0","1","38.87","9.45","Industrials","2185"
"Fluor Corp","FLR","1.79","1","1","0","2","47.05","22.88","Industrials","6137"
"Fortive Corp","FTV","0.39","0","0","0","0","72.30","8.79","Industrials","7819"
"Fortune Brands Home & Security","FBHS","1.13","0","2","1","3","63.95","46.64","Industrials","7799"
"General Dynamics Corp","GD","1.67","1","2","0","3","200.77","146.42","Industrials","6142"
"General Electric Co","GE","4.71","3","0","1","4","20.39","19.83","Industrials","6143"
"Honeywell International","HON","2.05","2","1","0","3","146.34","106.46","Industrials","1499"
"IHS Markit Ltd","INFO","","0","3","0","3","42.93","31.31","Industrials","10982"
"Illinois Tool Works","ITW","2.00","1","1","0","2","156.72","76.01","Industrials","1244"
"Ingersoll-Rand PLC","IR","2.12","2","1","2","5","85.05","103.38","Industrials","6159"
"Jacobs Engineering Group","JEC","1.00","0","1","1","2","59.76","28.98","Industrials","1342"
"JB Hunt Transport Services","JBHT","0.90","0","0","0","0","101.89","12.35","Industrials","1358"
"Johnson Controls Inc","JCI","2.69","3","0","4","7","37.23","63.36","Industrials","6161"
"Kansas City Southern","KSU","1.37","0","1","1","2","104.31","50.59","Industrials","94"
"L-3 Technologies","LLL","2.18","0","1","0","1","184.55","44.75","Industrials","1137"
"Lockheed Martin","LMT","2.57","3","1","0","4","311.49","302.14","Industrials","2459"
"Masco Corp","MAS","1.09","0","1","1","2","38.67","18.80","Industrials","6178"
"Nielsen Holdings NV","NLSN","3.67","3","1","3","7","36.19","61.42","Industrials","2421"
"Norfolk Southern Corp","NSC","1.91","1","1","1","3","126.97","92.37","Industrials","1357"
"Northrop Grumman","NOC","1.34","0","1","0","1","298.59","72.41","Industrials","2142"
"PACCAR Inc","PCAR","1.44","0","1","2","3","69.47","50.66","Industrials","6194"
"Parker-Hannifin","PH","1.45","0","1","1","2","182.04","88.51","Industrials","2397"
"Pentair PLC","PNR","2.05","1","0","1","2","67.45","32.79","Industrials","6200"
"Quanta Services Inc","PWR","","0","0","3","3","35.93","26.20","Industrials","6202"
"Raytheon","RTN","2.12","1","0","0","1","184.75","44.80","Industrials","1230"
"Republic Services Inc","RSG","2.17","2","1","0","3","63.48","46.30","Industrials","6206"
"Robert Half International","RHI","1.83","2","1","1","3","52.68","38.32","Industrials","5935"
"Rockwell Automation","ROK","1.74","1","0","0","1","191.95","46.66","Industrials","6205"
"Rockwell Collins","COL","0.99","0","3","1","4","133.80","129.78","Industrials","1228"
"Roper Industries","ROP","0.54","0","1","0","1","258.30","62.79","Industrials","2272"
"Snap-on","SNA","2.10","2","1","3","6","156.42","228.15","Industrials","2345"
"Stanley Black & Decker","SWK","1.55","0","3","0","3","163.02","118.60","Industrials","5937"
"Stericycle","SRCL","","0","1","3","4","63.95","62.03","Industrials","1143"
"Textron Inc","TXT","0.15","0","2","0","2","54.22","26.36","Industrials","6219"
"TransDigm Group","TDG","","0","2","1","3","264.26","192.72","Industrials","7800"
"Union Pacific","UNP","2.07","2","1","1","4","116.66","113.16","Industrials","135"
"United Continental Holdings","UAL","","0","0","4","4","58.77","57.15","Industrials","7692"
"United Parcel Service","UPS","3.00","3","0","1","4","112.78","109.40","Industrials","2423"
"United Rentals","URI","","0","1","4","5","145.40","176.30","Industrials","6061"
"United Technologies Corp","UTX","2.37","2","2","1","5","118.26","143.74","Industrials","6222"
"Verisk Analytics","VRSK","","0","1","0","1","90.06","21.84","Industrials","5940"
"W.W. Grainger","GWW","2.45","3","1","0","4","208.78","203.02","Industrials","2394"
"Waste Management","WM","2.09","2","1","0","3","81.37","59.20","Industrials","1581"
"Xylem Inc/NY","XYL","1.09","0","2","0","2","66.05","32.11","Industrials","6229"
"Accenture","ACN","1.85","1","1","0","2","143.56","69.63","Information Technology","1327"
"Activision-Blizzard","ATVI","0.47","0","1","0","1","62.57","15.17","Information Technology","1259"
"Adobe Systems","ADBE","0.00","0","3","0","3","181.15","131.79","Information Technology","2235"
"Akamai Technologies","AKAM","0.00","0","0","1","1","53.91","13.11","Information Technology","2523"
"Alliance Data Systems","ADS","0.00","0","2","4","6","225.69","329.20","Information Technology","6084"
"Alphabet Class A","GOOGL","0.00","0","1","0","1","1.00","253.04","Information Technology","5932"
"Amphenol","APH","0.87","0","1","0","1","87.62","21.30","Information Technology","6098"
"Analog Devices","ADI","2.01","1","0","2","3","89.52","65.29","Information Technology","6083"
"ANSYS Inc","ANSS","","0","1","0","1","149.84","36.43","Information Technology","10970"
"Apple","AAPL","1.43","0","0","3","3","174.99","127.30","Information Technology","1332"
"Applied Materials","AMAT","0.71","0","3","3","6","56.05","81.75","Information Technology","6092"
"Autodesk","ADSK","0.00","0","0","0","0","122.53","14.93","Information Technology","1331"
"Automatic Data Processing","ADP","2.25","2","1","0","3","111.01","80.76","Information Technology","1337"
"Broadcom Limited","AVGO","1.53","0","3","3","6","266.26","388.36","Information Technology","6100"
"CA Technologies","CA","3.16","3","2","4","9","32.24","70.36","Information Technology","2510"
"Cadence Design Systems Inc","CDNS","","0","2","0","2","43.84","21.31","Information Technology","10975"
"Cisco Systems","CSCO","3.41","3","1","4","8","33.92","65.80","Information Technology","1182"
"Citrix Systems","CTXS","0.00","0","0","2","2","83.85","40.66","Information Technology","2512"
"Cognizant Technology Solutions","CTSH","0.00","0","1","2","3","74.07","54.02","Information Technology","1755"
"Corning","GLW","1.95","1","1","2","4","31.75","30.80","Information Technology","2458"
"CSRA","CSRA","1.38","0","0","4","4","28.86","27.99","Information Technology","7791"
"DXC Technology Co","DXC","0.75","0","3","4","7","95.66","162.78","Information Technology","10978"
"eBay","EBAY","0.00","0","0","3","3","35.80","26.04","Information Technology","2372"
"Electronic Arts","EA","0.00","0","3","0","3","112.08","81.74","Information Technology","6128"
"F5 Networks","FFIV","0.00","0","1","4","5","120.19","145.72","Information Technology","2415"
"Facebook","FB","0.00","0","3","0","3","178.57","129.91","Information Technology","2257"
"Fidelity National Information","FIS","1.25","0","1","1","2","92.86","45.15","Information Technology","6136"
"Fiserv","FISV","0.00","0","1","0","1","127.83","31.00","Information Technology","1328"
"FLIR Systems","FLIR","1.29","0","1","0","1","46.77","11.34","Information Technology","1248"
"Gartner Inc","IT","","0","0","0","0","116.92","14.21","Information Technology","10983"
"Global Payments","GPN","0.04","0","0","0","0","98.40","11.93","Information Technology","1393"
"Harris","HRS","1.66","1","0","0","1","138.64","33.62","Information Technology","1225"
"Hewlett Packard Enterprise","HPE","2.19","2","0","4","6","13.67","19.94","Information Technology","7788"
"HP","HPQ","2.49","3","0","4","7","21.26","36.09","Information Technology","449"
"IBM","IBM","3.99","3","0","4","7","149.43","253.65","Information Technology","1135"
"Intel","INTC","2.35","3","1","4","8","45.49","88.24","Information Technology","2234"
"Intuit","INTU","1.02","0","1","0","1","153.00","37.19","Information Technology","1998"
"Juniper Networks","JNPR","1.61","0","2","4","6","24.89","36.30","Information Technology","2522"
"KLA-Tencor","KLAC","2.31","2","3","4","9","102.38","224.00","Information Technology","6164"
"Lam Research","LRCX","0.88","0","3","4","7","205.41","349.55","Information Technology","6173"
"Mastercard","MA","0.59","0","1","0","1","149.47","36.34","Information Technology","2351"
"Microchip Technology","MCHP","1.59","0","3","3","6","91.28","133.14","Information Technology","6179"
"Micron Technology","MU","0.00","0","3","4","7","44.22","75.25","Information Technology","2526"
"Microsoft","MSFT","2.00","2","1","0","3","83.50","60.75","Information Technology","1585"
"Motorola Solutions","MSI","2.28","2","3","3","8","91.22","177.41","Information Technology","2516"
"NetApp","NTAP","1.73","1","0","4","5","46.29","56.13","Information Technology","1529"
"Oracle","ORCL","1.54","0","1","3","4","36.00","47.66","Information Technology","2514"
"Paychex","PAYX","3.09","3","1","0","4","64.47","62.54","Information Technology","1336"
"PayPal","PYPL","0.00","0","3","0","3","73.87","53.87","Information Technology","7786"
"Qorvo","QRVO","0.00","0","2","4","6","79.71","116.26","Information Technology","6511"
"Qualcomm","QCOM","3.53","3","0","2","5","64.51","78.22","Information Technology","450"
"Red Hat","RHT","0.00","0","1","0","1","123.85","30.11","Information Technology","2511"
"Salesforce.com","CRM","0.00","0","2","0","2","104.52","50.69","Information Technology","1350"
"Seagate Technology","STX","6.64","3","0","4","7","37.93","64.55","Information Technology","2509"
"Skyworks Solutions","SWKS","1.16","0","2","4","6","110.22","160.77","Information Technology","6513"
"Symantec","SYMC","1.06","0","3","3","6","28.28","41.25","Information Technology","1656"
"Synopsys Inc","SNPS","","0","1","0","1","87.02","21.15","Information Technology","10990"
"TE Connectivity","TEL","1.72","1","1","3","5","92.94","112.97","Information Technology","6213"
"Texas Instruments","TXN","2.56","3","1","0","4","96.95","94.04","Information Technology","1304"
"Total System Services","TSS","0.72","0","1","1","2","72.45","35.23","Information Technology","1730"
"VeriSign, Inc.","VRSN","","0","1","0","1","109.00","26.50","Information Technology","2508"
"Visa","V","0.70","0","3","0","3","111.78","81.52","Information Technology","1670"
"Western Digital","WDC","2.28","2","3","4","9","88.91","194.04","Information Technology","2481"
"Western Union","WU","3.49","3","0","4","7","20.13","34.16","Information Technology","1394"
"Xerox","XRX","3.42","3","0","4","7","29.22","49.60","Information Technology","2517"
"Xilinx","XLNX","1.96","1","0","0","1","71.51","17.38","Information Technology","6228"
"Air Products & Chem","APD","2.37","2","0","2","4","160.47","156.04","Materials","43"
"Albemarle Corp","ALB","0.91","0","0","0","0","141.97","17.21","Materials","1873"
"Avery Dennison Corp","AVY","1.70","1","1","3","5","105.01","127.32","Materials","2433"
"Ball Corp","BLL","0.99","0","3","4","7","40.05","67.98","Materials","2452"
"CF Industries","CF","3.23","3","2","0","5","37.22","45.12","Materials","2268"
"DowDuPont Inc","DWDP","2.17","2","0","3","5","70.00","85.08","Materials","10977"
"Eastman Chemical","EMN","2.27","2","0","4","6","90.33","131.43","Materials","1565"
"Ecolab","ECL","1.14","0","0","0","0","129.80","15.78","Materials","4032"
"FMC Corp","FMC","0.71","0","3","3","6","92.38","134.75","Materials","6138"
"Freeport McMoRan Copper & Gold","FCX","","0","1","4","5","14.59","17.69","Materials","1180"
"International Flavors & Fragra","IFF / IFF","1.88","1","0","0","1","146.95","35.72","Materials","6156"
"International Paper","IP","3.46","3","0","4","7","54.59","92.66","Materials","6157"
"LyondellBasell Industries NV","LYB","3.46","3","0","4","7","103.51","175.71","Materials","6175"
"Martin Marietta Materials Inc","MLM / MLM","0.83","0","1","0","1","212.53","51.67","Materials","6184"
"Monsanto","MON","1.84","1","2","3","6","117.91","171.56","Materials","1139"
"Mosaic","MOS","0.44","0","0","2","2","22.85","11.08","Materials","1368"
"Newmont Mining Corp","NEM","0.84","0","0","0","0","35.69","4.34","Materials","1698"
"Nucor Corp","NUE","2.67","3","0","4","7","55.44","94.11","Materials","2247"
"Packaging Corp of America","PKG","2.29","2","1","3","6","109.95","160.37","Materials","10985"
"PPG Industries","PPG","1.57","0","1","3","4","114.67","111.50","Materials","4021"
"Praxair","PX","2.13","2","0","0","2","148.02","71.97","Materials","113"
"Sealed Air","SEE","1.43","0","0","3","3","44.34","32.26","Materials","1276"
"Sherwin-Williams","SHW","0.88","1","1","1","2","388.25","188.77","Materials","2352"
"Vulcan Materials","VMC","0.80","0","2","0","2","124.00","60.14","Materials","1341"
"Alexandria Real Estate Equitie","ARE","2.73","3","2","0","5","125.97","153.12","Real Estate","10972"
"American Tower","AMT","1.74","1","1","2","4","149.40","","Real Estate","1724"
"Apartment Investment & Managem","AIV","3.18","3","1","0","4","45.26","44.01","Real Estate","6088"
"AvalonBay Communities","AVB","3.03","3","1","3","7","187.33","318.78","Real Estate","1603"
"Boston Properties","BXP","2.38","3","1","2","6","126.14","183.52","Real Estate","1407"
"CB Richard Ellis Group","CBG","0.00","0","2","4","6","41.35","60.31","Real Estate","1805"
"Crown Castle International Corp.","CCI","3.71","3","0","0","4","113.24","110.11","Real Estate","4922"
"Digital Realty Trust","DLR","3.04","3","2","0","5","121.00","146.71","Real Estate","1759"
"Duke Realty Corp","DRE","2.76","3","1","0","4","28.95","28.16","Real Estate","10976"
"Equinix","EQIX","1.65","1","2","0","3","482.16","350.77","Real Estate","2156"
"Equity Residential","EQR","2.88","3","1","0","4","69.49","67.40","Real Estate","6131"
"Essex Property Trust Inc","ESS","2.72","3","1","1","5","257.12","312.53","Real Estate","6132"
"Extra Space Storage","EXR","3.65","3","2","4","9","85.76","187.17","Real Estate","1675"
"Federal Realty Investment Trust","FRT","3.03","3","1","3","7","132.10","224.80","Real Estate","7793"
"General Growth Properties Inc","GGP","3.96","3","1","3","7","22.21","37.79","Real Estate","6144"
"HCP","HCP","5.48","3","0","4","7","27.16","46.10","Real Estate","4570"
"Host Hotels & Resorts Inc","HST","4.00","0","0","0","0","19.92","","Real Estate","6154"
"Iron Mountain Inc","IRM","5.77","3","1","4","8","40.70","79.15","Real Estate","6160"
"Kimco Realty Corp","KIM","5.84","3","1","4","8","19.17","37.28","Real Estate","6163"
"Macerich Co/The","MAC","4.60","3","0","0","3","64.34","46.92","Real Estate","6176"
"Mid-America Apartment","MAA","3.29","3","3","2","8","105.88","205.91","Real Estate","1760"
"Prologis Trust","PLD","2.65","3","3","2","8","66.32","128.66","Real Estate","1325"
"Public Storage","PSA","3.77","3","1","4","8","212.01","412.32","Real Estate","1677"
"Realty Income","O","4.52","3","1","2","6","56.42","82.08","Real Estate","2494"
"Regency Centers Corp","REG","3.18","3","2","2","7","66.60","113.33","Real Estate","10987"
"SBA Communications Corp","SBAC","","0","1","0","1","168.47","40.95","Real Estate","10989"
"Simon Property Group","SPG","4.59","3","1","4","8","163.33","316.85","Real Estate","1324"
"United Dominion Realty","UDR","3.10","3","1","0","4","39.95","38.85","Real Estate","1680"
"Ventas","VTR","4.76","3","1","4","8","65.09","126.59","Real Estate","1761"
"Welltower","HCN","6.50","3","1","4","8","68.43","133.08","Real Estate","1996"
"Weyerhaeuser","WY","3.42","3","0","4","7","36.21","61.47","Real Estate","5936"
"AT&T","T","5.76","3","1","0","4","34.23","33.20","Telecommunication Services","777"
"CenturyLink","CTL","13.95","3","0","2","5","15.51","18.80","Telecommunication Services","779"
"Verizon Communications","VZ","5.24","3","0","0","3","44.84","32.62","Telecommunication Services","794"
"AES Corp","AES","4.66","3","0","4","7","10.12","17.18","Utilities","644"
"Alliant Energy","LNT","2.86","3","2","0","5","43.73","53.02","Utilities","647"
"Ameren Corp","AEE","2.93","3","1","0","4","62.39","60.67","Utilities","649"
"American Electric Power","AEP","3.32","3","1","0","4","74.81","72.75","Utilities","648"
"American Water Works","AWK","1.86","1","1","0","2","88.63","42.99","Utilities","810"
"CenterPoint Energy","CNP","3.64","3","0","0","3","29.40","21.44","Utilities","651"
"CMS Energy","CMS","2.70","3","0","0","3","49.17","35.77","Utilities","653"
"Consolidated Edison","ED","3.17","3","1","0","4","87.08","84.68","Utilities","700"
"Dominion Resources","D","3.79","3","0","0","3","80.89","58.85","Utilities","655"
"DTE Energy","DTE","3.12","3","0","0","3","112.46","81.81","Utilities","657"
"Duke Energy","DUK","3.97","3","0","1","4","88.94","86.27","Utilities","658"
"Edison International","EIX","2.72","3","0","0","3","79.84","58.23","Utilities","659"
"Entergy Corp","ETR","4.16","3","0","1","4","85.55","83.19","Utilities","662"
"Eversource Energy","ES","2.94","3","1","0","4","64.14","62.22","Utilities","1648"
"Exelon Corp","EXC","3.18","3","0","3","6","41.21","59.96","Utilities","663"
"First Energy","FE","4.29","3","1","4","8","33.69","65.36","Utilities","664"
"NextEra Energy","NEE","2.53","3","0","0","3","154.98","112.75","Utilities","1517"
"NiSource","NI","2.54","3","0","0","3","27.16","19.76","Utilities","672"
"NRG Energy","NRG","0.43","0","0","0","0","28.30","3.43","Utilities","764"
"PG&E Corp","PCG","3.74","3","3","3","9","56.63","123.90","Utilities","677"
"Pinnacle West","PNW","3.15","3","0","0","3","88.30","64.40","Utilities","678"
"PPL Corp","PPL","4.30","3","0","2","5","36.34","44.06","Utilities","680"
"Public Svc. Enterprise Grp.","PEG","3.43","3","0","1","4","50.16","48.78","Utilities","682"
"SCANA","SCG","5.49","3","2","4","9","44.09","96.23","Utilities","683"
"Sempra Energy","SRE","2.73","3","2","0","5","120.72","146.73","Utilities","684"
"Southern","SO","4.46","3","1","2","6","51.54","74.99","Utilities","685"
"WEC Energy Group","WEC","3.05","3","2","0","5","68.00","82.45","Utilities","690"
"Xcel Energy","XEL","2.85","3","0","0","3","50.18","36.51","Utilities","691"